Turismo;7911
Turismo;7912
Turismo;5511
Turismo;5512
Turismo;5520
Turismo;6810
Turismo;6820
Turismo;7990
Turismo;8414
Turismo;4911
Turismo;5511
Turismo;5512
Turismo;5513
Turismo;5514
Turismo;5519
Turismo;5520
Turismo;5530
Turismo;5590
Turismo;5611
Turismo;5613
Turismo;5630
Turismo;3456
Turismo;7721
Turismo;8130
Turismo;9329
Turismo;4921
Tecnologia;4741
Tecnologia;6311
Tecnologia;2640
Tecnologia;3240
Tecnologia;3320
Tecnologia;5819
Tecnologia;5820
Tecnologia;6201
Tecnologia;6202
Tecnologia;6209
Tecnologia;6920
Tecnologia;7020
Tecnologia;7110
Tecnologia;7740
Minero-energético;721
Minero-energético;722
Minero-energético;723
Minero-energético;729
Minero-energético;811
Minero-energético;812
Minero-energético;891
Minero-energético;892
Minero-energético;899
Minero-energético;910
Minero-energético;990
Minero-energético;520
Minero-energético;610
Minero-energético;620
Minero-energético;710
Minero-energético;2712
Minero-energético;3513
Minero-energético;3511
Minero-energético;3512
Minero-energético;3520
Minero-energético;4661
Agroindustrial;2021
Agroindustrial;2821
Agroindustrial;4620
Agroindustrial;4653
Agroindustrial;4664
Agroindustrial;0164
Agroindustrial;7490